Sequence ID,Sequence,Molecular Weight,Isoelectric Point (pI),GRAVY,Aromaticity,Instability Index,Disulfide Bonds,Molecular Volume,Secondary Structure Fraction 1,Secondary Structure Fraction 2,Secondary Structure Fraction 3
Seq1,VGLVERCERVLYEVERVY,2211.5392,4.9477434158325195,0.0333333333333334,0.1111111111111111,-3.6500000000000004,2980,2663.0,0.5,0.05555555555555555,0.3333333333333333
Seq2,EVGAVGECGYEVVGRRRVLE,2177.4402,5.120420265197754,-0.06499999999999995,0.05,59.985,1490,2571.6,0.35,0.2,0.3
Seq3,ELGVVECGRTVYVIVEYGRYVIY,2680.0810000000006,4.78637752532959,0.6043478260869565,0.17391304347826086,14.730434782608693,5960,3281.3999999999996,0.5652173913043478,0.13043478260869565,0.17391304347826086
Seq4,AYRAVYGREYVIVREVEEI,2314.5943,4.948311805725097,-0.1263157894736842,0.15789473684210525,14.963157894736844,4470,2785.3,0.47368421052631576,0.05263157894736842,0.3157894736842105
Seq5,VGIVVEGEYVRGGCGVGHLYE,2192.4496000000004,4.959509086608886,0.4095238095238094,0.09523809523809523,-11.995238095238093,2980,2631.4999999999995,0.42857142857142855,0.2857142857142857,0.19047619047619047
Seq6,YGHGVYVAAEGV,1221.3176999999998,5.240180015563964,0.4749999999999999,0.16666666666666666,-12.833333333333332,2980,1456.3,0.41666666666666663,0.25,0.25
Seq7,IESCAGYRVYVE,1388.5444,4.8565168380737305,0.15833333333333335,0.16666666666666666,61.55000000000001,2980,1630.3000000000002,0.41666666666666663,0.16666666666666666,0.25
Seq8,FVEDVIVQRVAE,1403.5789,4.426586723327637,0.6166666666666666,0.08333333333333333,18.14166666666667,0,1710.3,0.49999999999999994,0.0,0.25
Seq9,GCEIYGVVLTER,1338.5288,4.531340980529785,0.4083333333333335,0.08333333333333333,34.19166666666667,1490,1602.0,0.41666666666666663,0.16666666666666666,0.25
Seq10,VCMCVEVQVRYE,1457.7372,4.856289482116699,0.6166666666666666,0.08333333333333333,11.200000000000005,1615,1727.5,0.41666666666666663,0.0,0.25
